<?xml version="1.0" encoding="utf-8" ?>
<Defs>

  <ThingDef Name="FencesAFBuildingBase" Abstract="True">
    <category>Building</category>
    <thingClass>Building</thingClass>
    <soundImpactDefault>BulletImpact_Metal</soundImpactDefault>
    <selectable>true</selectable>
    <drawerType>MapMeshAndRealTime</drawerType>
    <terrainAffordanceNeeded>Light</terrainAffordanceNeeded>
    <holdsRoof>false</holdsRoof>	
    <repairEffect>Repair</repairEffect>
    <leaveResourcesWhenKilled>true</leaveResourcesWhenKilled>
    <filthLeaving>Filth_RubbleBuilding</filthLeaving>
		<statBases>
			<SellPriceFactor>0.70</SellPriceFactor>
		</statBases>
  </ThingDef>    
  
  <ThingDef ParentName="FencesAFBuildingBase" Name="FencesAFGateBase" Abstract="True">
    <thingClass>Building_Door</thingClass>
    <category>Building</category>
    <altitudeLayer>DoorMoveable</altitudeLayer>
    <fillPercent>1</fillPercent>
    <useHitPoints>true</useHitPoints>
    <leaveResourcesWhenKilled>true</leaveResourcesWhenKilled>
    <selectable>true</selectable>
    <tickerType>Normal</tickerType>
    <rotatable>false</rotatable>
    <soundImpactDefault>BulletImpact_Metal</soundImpactDefault>
    <terrainAffordanceNeeded>Light</terrainAffordanceNeeded>
    <holdsRoof>false</holdsRoof>
    <designationCategory>Fences</designationCategory>	
    <staticSunShadowHeight>0</staticSunShadowHeight>
    <blockLight>true</blockLight>
    <drawerType>RealtimeOnly</drawerType>
    <building>
	  <isInert>true</isInert>
	  <canPlaceOverWall>true</canPlaceOverWall>
      <soundDoorOpenPowered>Door_OpenPowered</soundDoorOpenPowered>
      <soundDoorClosePowered>Door_ClosePowered</soundDoorClosePowered>
      <soundDoorOpenManual>Door_OpenManual</soundDoorOpenManual>
      <soundDoorCloseManual>Door_CloseManual</soundDoorCloseManual>
      <blueprintClass>Blueprint_Door</blueprintClass>
      <blueprintGraphicData>
        <texPath>Things/Building/Door/Door_Blueprint</texPath>
      </blueprintGraphicData>
      <ai_chillDestination>false</ai_chillDestination>
    </building>
    <comps>
      <li Class="CompProperties_Forbiddable"/>
    </comps>
		<placeWorkers>
			<li>PlaceWorker_DoorLearnOpeningSpeed</li>
		</placeWorkers>
  </ThingDef>
  
<!--========================= Farm Fence =============================-->
  
  <ThingDef ParentName="FencesAFBuildingBase">
    <defName>WoodFence</defName>
    <label>fence</label>
    <description>A good, old fashioned wooden fence.</description>
    <thingClass>Building</thingClass>
    <category>Building</category>
    <graphicData>
      <texPath>Things/Building/Fences/WoodFence</texPath>
      <graphicClass>Graphic_Single</graphicClass>
      <linkType>Basic</linkType>	  
      <linkFlags>
        <li>Custom1</li>
      </linkFlags>
    </graphicData>
    <uiIconPath>Things/Building/Fences/WoodFenceIco</uiIconPath>
    <statBases>
      <MaxHitPoints>150</MaxHitPoints>
      <WorkToBuild>100</WorkToBuild>
      <Flammability>1.0</Flammability>
    </statBases>
    <costStuffCount>2</costStuffCount>
    <leaveResourcesWhenKilled>true</leaveResourcesWhenKilled>
    <altitudeLayer>Building</altitudeLayer>
    <passability>Impassable</passability>
    <useHitPoints>true</useHitPoints>	
    <blockWind>false</blockWind>
    <castEdgeShadows>false</castEdgeShadows>
    <fillPercent>0.35</fillPercent>
    <coversFloor>false</coversFloor>
    <placingDraggableDimensions>1</placingDraggableDimensions>
    <tickerType>Never</tickerType>
    <rotatable>false</rotatable>
    <selectable>true</selectable>
    <neverMultiSelect>true</neverMultiSelect>
    <terrainAffordanceNeeded>Medium</terrainAffordanceNeeded>
    <holdsRoof>false</holdsRoof>
    <designationCategory>Fences</designationCategory>
    <staticSunShadowHeight>0</staticSunShadowHeight>
    <blockLight>false</blockLight>
    <canOverlapZones>true</canOverlapZones>
    <stuffCategories>
      <li>Woody</li>
    </stuffCategories>
    <building>
      <isInert>true</isInert>
      <ai_chillDestination>false</ai_chillDestination>
      <blueprintGraphicData>
        <texPath>Things/Building/Fences/WoodFence_Blueprint</texPath>
      </blueprintGraphicData>
    </building>
    <damageMultipliers>
      <li>
        <damageDef>Bomb</damageDef>
        <multiplier>3</multiplier>
      </li>
    </damageMultipliers>
    <designationHotKey>Misc3</designationHotKey>
  </ThingDef>  
  
<!--========================= Farm Gate =============================-->  
  
  <ThingDef ParentName="FencesAFGateBase">
    <defName>WoodFenceGate</defName>
    <label>fence gate</label>
    <description>A gate made of wooden beams.</description>	
    <altitudeLayer>DoorMoveable</altitudeLayer>
    <fillPercent>0.35</fillPercent>
    <useHitPoints>true</useHitPoints>
    <stuffCategories>
      <li>Woody</li>
    </stuffCategories>
    <costStuffCount>5</costStuffCount>	
    <statBases>
      <MaxHitPoints>100</MaxHitPoints>
      <WorkToBuild>250</WorkToBuild>	  
      <Flammability>1.0</Flammability>
    </statBases>
    <leaveResourcesWhenKilled>true</leaveResourcesWhenKilled>
    <selectable>true</selectable>
    <tickerType>Normal</tickerType>
    <rotatable>false</rotatable>
<!--  <soundImpactDefault>BulletImpact_Metal</soundImpactDefault>  -->
    <terrainAffordanceNeeded>Light</terrainAffordanceNeeded>
    <designationCategory>Fences</designationCategory>
    <holdsRoof>false</holdsRoof>
    <staticSunShadowHeight>0</staticSunShadowHeight>
    <blockLight>false</blockLight>
    <drawerType>RealtimeOnly</drawerType>
    <graphicData>
      <texPath>Things/Building/Fences/WoodFenceGate_Mover</texPath>
      <graphicClass>Graphic_Single</graphicClass>
	  <linkFlags>
        <li>Custom1</li>
      </linkFlags>
	  <damageData>
        <enabled>false</enabled>
      </damageData>
    </graphicData>	
    <uiIconPath>Things/Building/Fences/WoodFenceGateIco</uiIconPath>	
    <building>
	  <isInert>true</isInert>
	  <canPlaceOverWall>true</canPlaceOverWall>
      <soundDoorOpenManual>Door_OpenManual</soundDoorOpenManual>
      <soundDoorCloseManual>Door_CloseManual</soundDoorCloseManual>
      <blueprintClass>Blueprint_Door</blueprintClass>
      <blueprintGraphicData>
        <texPath>Things/Building/Fences/WoodFenceGate_Blueprint</texPath>
      </blueprintGraphicData>
      <ai_chillDestination>false</ai_chillDestination>
    </building>
    <comps>
      <li Class="CompProperties_Forbiddable"/>
    </comps>
	<damageMultipliers>
      <li>
        <damageDef>Bomb</damageDef>
        <multiplier>3</multiplier>
      </li>
    </damageMultipliers>	
	<placeWorkers>
		<li>PlaceWorker_DoorLearnOpeningSpeed</li>
	</placeWorkers>
  </ThingDef>
  
  <ThingDef ParentName="FencesAFGateBase">
    <defName>WoodFenceGateB</defName>
    <label>fence gate</label>
    <description>A gate made of wooden beams.</description>	
    <altitudeLayer>DoorMoveable</altitudeLayer>
    <fillPercent>0.35</fillPercent>
    <useHitPoints>true</useHitPoints>
    <stuffCategories>
      <li>Woody</li>
    </stuffCategories>
    <costStuffCount>5</costStuffCount>	
    <statBases>
      <MaxHitPoints>100</MaxHitPoints>
      <WorkToBuild>250</WorkToBuild>	  
      <Flammability>1.0</Flammability>
    </statBases>
    <leaveResourcesWhenKilled>true</leaveResourcesWhenKilled>
    <selectable>true</selectable>
    <tickerType>Normal</tickerType>
    <rotatable>false</rotatable>
<!--  <soundImpactDefault>BulletImpact_Metal</soundImpactDefault>  -->
    <terrainAffordanceNeeded>Light</terrainAffordanceNeeded>
    <designationCategory>Fences</designationCategory>
    <holdsRoof>false</holdsRoof>
    <staticSunShadowHeight>0</staticSunShadowHeight>
    <blockLight>false</blockLight>
    <drawerType>RealtimeOnly</drawerType>
    <graphicData>
      <texPath>Things/Building/Fences/WoodFenceGateB_Mover</texPath>
      <graphicClass>Graphic_Single</graphicClass>
	  <linkFlags>
        <li>Custom1</li>
      </linkFlags>
	  <damageData>
        <enabled>false</enabled>
      </damageData>
    </graphicData>		
    <uiIconPath>Things/Building/Fences/WoodFenceGateBIco</uiIconPath>	
    <building>
	  <isInert>true</isInert>
	  <canPlaceOverWall>true</canPlaceOverWall>
      <soundDoorOpenManual>Door_OpenManual</soundDoorOpenManual>
      <soundDoorCloseManual>Door_CloseManual</soundDoorCloseManual>
      <blueprintClass>Blueprint_Door</blueprintClass>
      <blueprintGraphicData>
        <texPath>Things/Building/Fences/WoodFenceGateB_Blueprint</texPath>
      </blueprintGraphicData>
      <ai_chillDestination>false</ai_chillDestination>
    </building>
    <comps>
      <li Class="CompProperties_Forbiddable"/>
    </comps>
	<damageMultipliers>
      <li>
        <damageDef>Bomb</damageDef>
        <multiplier>3</multiplier>
      </li>
    </damageMultipliers>	
	<placeWorkers>
		<li>PlaceWorker_DoorLearnOpeningSpeed</li>
	</placeWorkers>
  </ThingDef>  
  
<!--========================= Chainlink Fence =============================-->  

  <ThingDef ParentName="FencesAFBuildingBase">
	<defName>ChainFence</defName>
	<label>Chainlink fence</label>
	<description>A sturdy steel fence made of interwoven steel wire.</description>
    <thingClass>Building</thingClass>
    <category>Building</category>
    <graphicData>
	  <texPath>Things/Building/Fences/ChainFence</texPath>
      <graphicClass>Graphic_Single</graphicClass>
      <linkType>Basic</linkType>
      <linkFlags>
        <li>Custom2</li>
      </linkFlags>
    </graphicData>
	<uiIconPath>Things/Building/Fences/ChainFenceIco</uiIconPath>
    <statBases>
      <MaxHitPoints>250</MaxHitPoints>
      <WorkToBuild>200</WorkToBuild>
      <Flammability>0.0</Flammability>
    </statBases>
	<costList>
			<Steel>5</Steel>
	</costList>
    <leaveResourcesWhenKilled>true</leaveResourcesWhenKilled>
    <altitudeLayer>Building</altitudeLayer>
    <passability>Impassable</passability>
    <useHitPoints>true</useHitPoints>	
    <blockWind>false</blockWind>
    <castEdgeShadows>false</castEdgeShadows>
    <fillPercent>0.15</fillPercent>
    <coversFloor>false</coversFloor>
    <placingDraggableDimensions>1</placingDraggableDimensions>
    <tickerType>Never</tickerType>
    <rotatable>false</rotatable>
    <selectable>true</selectable>
    <neverMultiSelect>true</neverMultiSelect>
    <terrainAffordanceNeeded>Medium</terrainAffordanceNeeded>
    <holdsRoof>false</holdsRoof>
    <designationCategory>Fences</designationCategory>
    <staticSunShadowHeight>0</staticSunShadowHeight>
    <blockLight>false</blockLight>
    <canOverlapZones>true</canOverlapZones>	
    <building>
      <isInert>true</isInert>
      <ai_chillDestination>false</ai_chillDestination>
      <blueprintGraphicData>
        <texPath>Things/Building/Fences/ChainFence_Blueprint</texPath>
      </blueprintGraphicData>
    </building>
    <damageMultipliers>
      <li>
        <damageDef>Bomb</damageDef>
        <multiplier>3</multiplier>
      </li>
    </damageMultipliers>
	<researchPrerequisites><li>Machining</li></researchPrerequisites>	
    <designationHotKey>Misc3</designationHotKey>
  </ThingDef>  	
	
<!--========================= Chainlink Gate =============================-->  

  <ThingDef ParentName="FencesAFGateBase">
    <defName>ChainFenceGate</defName>
    <label>Chainlink fence gate</label>
    <description>A sturdy steel fence gate made of interwoven steel wire.</description>	
    <altitudeLayer>DoorMoveable</altitudeLayer>
    <fillPercent>0.15</fillPercent>
    <useHitPoints>true</useHitPoints>
	<costList>
			<Steel>10</Steel>
	</costList>	
    <statBases>
      <MaxHitPoints>200</MaxHitPoints>
      <WorkToBuild>350</WorkToBuild>	  
      <Flammability>0.0</Flammability>
    </statBases>
    <leaveResourcesWhenKilled>true</leaveResourcesWhenKilled>
    <selectable>true</selectable>
    <tickerType>Normal</tickerType>
    <rotatable>false</rotatable>
    <soundImpactDefault>BulletImpact_Metal</soundImpactDefault>
    <terrainAffordanceNeeded>Light</terrainAffordanceNeeded>
    <designationCategory>Fences</designationCategory>
    <holdsRoof>false</holdsRoof>
    <staticSunShadowHeight>0</staticSunShadowHeight>
    <blockLight>false</blockLight>
    <drawerType>RealtimeOnly</drawerType>
    <graphicData>
      <texPath>Things/Building/Fences/ChainFenceGate_Mover</texPath>
      <graphicClass>Graphic_Single</graphicClass>
	  <linkFlags>
        <li>Custom1</li>
      </linkFlags>
	  <damageData>
        <enabled>false</enabled>
      </damageData>
    </graphicData>
    <uiIconPath>Things/Building/Fences/ChainFenceGateIco</uiIconPath>	
    <building>
	  <isInert>true</isInert>
	  <canPlaceOverWall>true</canPlaceOverWall>
      <soundDoorOpenManual>Door_OpenManual</soundDoorOpenManual>
      <soundDoorCloseManual>Door_CloseManual</soundDoorCloseManual>
      <blueprintClass>Blueprint_Door</blueprintClass>
      <blueprintGraphicData>
        <texPath>Things/Building/Fences/ChainFenceGate_Blueprint</texPath>
      </blueprintGraphicData>
      <ai_chillDestination>false</ai_chillDestination>
    </building>
    <comps>
      <li Class="CompProperties_Forbiddable"/>
    </comps>
	<researchPrerequisites><li>Machining</li></researchPrerequisites>	
	<damageMultipliers>
      <li>
        <damageDef>Bomb</damageDef>
        <multiplier>3</multiplier>
      </li>
    </damageMultipliers>	
	<placeWorkers>
		<li>PlaceWorker_DoorLearnOpeningSpeed</li>
	</placeWorkers>
  </ThingDef>  
  
  <ThingDef ParentName="FencesAFGateBase">
    <defName>ChainFenceGateB</defName>
    <label>Chainlink fence gate</label>
    <description>A sturdy steel fence gate made of interwoven steel wire.</description>	
    <altitudeLayer>DoorMoveable</altitudeLayer>
    <fillPercent>0.15</fillPercent>
    <useHitPoints>true</useHitPoints>
	<costList>
			<Steel>10</Steel>
	</costList>	
    <statBases>
      <MaxHitPoints>200</MaxHitPoints>
      <WorkToBuild>350</WorkToBuild>	  
      <Flammability>0.0</Flammability>
    </statBases>
    <leaveResourcesWhenKilled>true</leaveResourcesWhenKilled>
    <selectable>true</selectable>
    <tickerType>Normal</tickerType>
    <rotatable>false</rotatable>
    <soundImpactDefault>BulletImpact_Metal</soundImpactDefault>
    <terrainAffordanceNeeded>Light</terrainAffordanceNeeded>
    <designationCategory>Fences</designationCategory>
    <holdsRoof>false</holdsRoof>
    <staticSunShadowHeight>0</staticSunShadowHeight>
    <blockLight>false</blockLight>
    <drawerType>RealtimeOnly</drawerType>
    <graphicData>
      <texPath>Things/Building/Fences/ChainFenceGateB_Mover</texPath>
      <graphicClass>Graphic_Single</graphicClass>
	  <linkFlags>
        <li>Custom1</li>
      </linkFlags>
	  <damageData>
        <enabled>false</enabled>
      </damageData>
    </graphicData>	
	<uiIconPath>Things/Building/Fences/ChainFenceGateBIco</uiIconPath>
    <building>
	  <isInert>true</isInert>
	  <canPlaceOverWall>true</canPlaceOverWall>
      <soundDoorOpenManual>Door_OpenManual</soundDoorOpenManual>
      <soundDoorCloseManual>Door_CloseManual</soundDoorCloseManual>
      <blueprintClass>Blueprint_Door</blueprintClass>
      <blueprintGraphicData>
        <texPath>Things/Building/Fences/ChainFenceGateB_Blueprint</texPath>
      </blueprintGraphicData>
      <ai_chillDestination>false</ai_chillDestination>
    </building>
    <comps>
      <li Class="CompProperties_Forbiddable"/>
    </comps>
	<researchPrerequisites><li>Machining</li></researchPrerequisites>	
	<damageMultipliers>
      <li>
        <damageDef>Bomb</damageDef>
        <multiplier>3</multiplier>
      </li>
    </damageMultipliers>	
	<placeWorkers>
		<li>PlaceWorker_DoorLearnOpeningSpeed</li>
	</placeWorkers>
  </ThingDef>  
  
<!--========================= High Security Fence =============================-->	

  <ThingDef ParentName="FencesAFBuildingBase">
	<defName>TechFence</defName>
	<label>High security fence</label>
	<description>A tall, metal fence topped with razor wire.</description>
    <thingClass>Building</thingClass>
    <category>Building</category>
    <graphicData>
      <texPath>Things/Building/Fences/TechFence</texPath>
      <graphicClass>Graphic_Single</graphicClass>
	  <shaderType>CutoutComplex</shaderType>	 
      <linkType>Basic</linkType>	  
      <linkFlags>
        <li>Custom3</li>
      </linkFlags>
    </graphicData>
    <uiIconPath>Things/Building/Fences/TechFenceIco</uiIconPath>
    <statBases>
      <MaxHitPoints>850</MaxHitPoints>
      <WorkToBuild>350</WorkToBuild>
      <Flammability>0.0</Flammability>
    </statBases>
	<costList>
		<Steel>8</Steel>
	</costList>
    <costStuffCount>12</costStuffCount>
    <leaveResourcesWhenKilled>true</leaveResourcesWhenKilled>
    <altitudeLayer>Building</altitudeLayer>
    <passability>Impassable</passability>
    <useHitPoints>true</useHitPoints>	
    <blockWind>true</blockWind>
    <castEdgeShadows>true</castEdgeShadows>
    <fillPercent>1.0</fillPercent>
    <coversFloor>true</coversFloor>
    <placingDraggableDimensions>1</placingDraggableDimensions>
    <tickerType>Never</tickerType>
    <rotatable>false</rotatable>
    <selectable>true</selectable>
    <neverMultiSelect>true</neverMultiSelect>
    <terrainAffordanceNeeded>Heavy</terrainAffordanceNeeded>
    <holdsRoof>false</holdsRoof>
    <designationCategory>Fences</designationCategory>
    <staticSunShadowHeight>0.1</staticSunShadowHeight>
    <blockLight>true</blockLight>
    <canOverlapZones>true</canOverlapZones>
    <stuffCategories>
      <li>Metallic</li>
    </stuffCategories>
    <building>
      <isInert>true</isInert>
      <ai_chillDestination>false</ai_chillDestination>
      <blueprintGraphicData>
        <texPath>Things/Building/Fences/TechFence_Blueprint</texPath>
      </blueprintGraphicData>
    </building>
    <damageMultipliers>
      <li>
        <damageDef>Bomb</damageDef>
        <multiplier>3</multiplier>
      </li>
    </damageMultipliers>
	<researchPrerequisites><li>Machining</li></researchPrerequisites>	
    <designationHotKey>Misc3</designationHotKey>
  </ThingDef>	
	
<!--========================= High Security Gate =============================-->  

  <ThingDef ParentName="FencesAFGateBase">
    <defName>TechFenceGate</defName>
    <label>High security fence gate</label>
    <description>A tall, metal security gate.</description>
    <altitudeLayer>DoorMoveable</altitudeLayer>
    <fillPercent>0.9</fillPercent>
    <useHitPoints>true</useHitPoints>
	<costStuffCount>20</costStuffCount>	
	<costList>
		<Steel>15</Steel>
	</costList>	
    <stuffCategories>
      <li>Metallic</li>
    </stuffCategories>	
    <statBases>
      <MaxHitPoints>700</MaxHitPoints>
      <WorkToBuild>600</WorkToBuild>	  
      <Flammability>0.0</Flammability>
    </statBases>
    <leaveResourcesWhenKilled>true</leaveResourcesWhenKilled>
    <selectable>true</selectable>
    <tickerType>Normal</tickerType>
    <rotatable>false</rotatable>
    <soundImpactDefault>BulletImpact_Metal</soundImpactDefault>
    <terrainAffordanceNeeded>Heavy</terrainAffordanceNeeded>
    <designationCategory>Fences</designationCategory>
    <holdsRoof>false</holdsRoof>
    <staticSunShadowHeight>0.1</staticSunShadowHeight>
    <blockLight>true</blockLight>
    <drawerType>RealtimeOnly</drawerType>
    <graphicData>
      <texPath>Things/Building/Fences/TechFenceGate_Mover</texPath>
      <graphicClass>Graphic_Single</graphicClass>
	  <shaderType>CutoutComplex</shaderType>	  
	  <linkFlags>
        <li>Custom3</li>
      </linkFlags>
	  <damageData>
        <enabled>false</enabled>
      </damageData>
    </graphicData>	
    <uiIconPath>Things/Building/Fences/TechFenceGateIco</uiIconPath>	
    <building>
	  <isInert>true</isInert>
	  <canPlaceOverWall>true</canPlaceOverWall>
      <soundDoorOpenManual>Door_OpenManual</soundDoorOpenManual>
      <soundDoorCloseManual>Door_CloseManual</soundDoorCloseManual>
      <blueprintClass>Blueprint_Door</blueprintClass>
      <blueprintGraphicData>
        <texPath>Things/Building/Fences/TechFenceGate_Blueprint</texPath>
      </blueprintGraphicData>
      <ai_chillDestination>false</ai_chillDestination>
    </building>
    <comps>
      <li Class="CompProperties_Forbiddable"/>
    </comps>
	<researchPrerequisites><li>Machining</li></researchPrerequisites>	
	<damageMultipliers>
      <li>
        <damageDef>Bomb</damageDef>
        <multiplier>3</multiplier>
      </li>
    </damageMultipliers>	
	<placeWorkers>
		<li>PlaceWorker_DoorLearnOpeningSpeed</li>
	</placeWorkers>
  </ThingDef>  
  
  <ThingDef ParentName="FencesAFGateBase">
    <defName>TechFenceGateB</defName>
    <label>High security fence gate</label>
    <description>A tall, metal security gate.</description>
    <altitudeLayer>DoorMoveable</altitudeLayer>
    <fillPercent>0.9</fillPercent>
    <useHitPoints>true</useHitPoints>
	<costStuffCount>20</costStuffCount>	
	<costList>
			<Steel>15</Steel>
	</costList>	
    <stuffCategories>
      <li>Metallic</li>
    </stuffCategories>	
    <statBases>
      <MaxHitPoints>700</MaxHitPoints>
      <WorkToBuild>600</WorkToBuild>	  
      <Flammability>0.0</Flammability>
    </statBases>
    <leaveResourcesWhenKilled>true</leaveResourcesWhenKilled>
    <selectable>true</selectable>
    <tickerType>Normal</tickerType>
    <rotatable>false</rotatable>
    <soundImpactDefault>BulletImpact_Metal</soundImpactDefault>
    <terrainAffordanceNeeded>Heavy</terrainAffordanceNeeded>
    <designationCategory>Fences</designationCategory>
    <holdsRoof>false</holdsRoof>
    <staticSunShadowHeight>0.1</staticSunShadowHeight>
    <blockLight>true</blockLight>
    <drawerType>RealtimeOnly</drawerType>
    <graphicData>
      <texPath>Things/Building/Fences/TechFenceGateB_Mover</texPath>
      <graphicClass>Graphic_Single</graphicClass>
	  <shaderType>CutoutComplex</shaderType>	  
	  <linkFlags>
        <li>Custom3</li>
      </linkFlags>
	  <damageData>
        <enabled>false</enabled>
      </damageData>
    </graphicData>
    <uiIconPath>Things/Building/Fences/TechFenceGateBIco</uiIconPath>	
    <building>
	  <isInert>true</isInert>
	  <canPlaceOverWall>true</canPlaceOverWall>
      <soundDoorOpenManual>Door_OpenManual</soundDoorOpenManual>
      <soundDoorCloseManual>Door_CloseManual</soundDoorCloseManual>
      <blueprintClass>Blueprint_Door</blueprintClass>
      <blueprintGraphicData>
        <texPath>Things/Building/Fences/TechFenceGateB_Blueprint</texPath>
      </blueprintGraphicData>
      <ai_chillDestination>false</ai_chillDestination>
    </building>
    <comps>
      <li Class="CompProperties_Forbiddable"/>
    </comps>
	<researchPrerequisites><li>Machining</li></researchPrerequisites>	
	<damageMultipliers>
      <li>
        <damageDef>Bomb</damageDef>
        <multiplier>3</multiplier>
      </li>
    </damageMultipliers>	
	<placeWorkers>
		<li>PlaceWorker_DoorLearnOpeningSpeed</li>
	</placeWorkers>
  </ThingDef>
  
<!--========================= Waist High Barrier =============================-->

  <ThingDef ParentName="FencesAFBuildingBase">
	<defName>SecurityBarrier</defName>
	<label>Security barrier</label>	
	<description>A waist high security barrier designed to provide emergency cover in a combat situation.</description>
    <thingClass>Building</thingClass>
    <category>Building</category>
    <graphicData>
      <texPath>Things/Building/Fences/Barrier</texPath>
      <graphicClass>Graphic_Single</graphicClass>	 
      <linkType>Basic</linkType>
      <linkFlags>
        <li>Custom4</li>
      </linkFlags>
    </graphicData>
    <uiIconPath>Things/Building/Fences/BarrierIco</uiIconPath>
    <statBases>
      <MaxHitPoints>650</MaxHitPoints>
      <WorkToBuild>275</WorkToBuild>
      <Flammability>0.0</Flammability>
    </statBases>
	<costList>
			<Steel>12</Steel>
	</costList>
    <leaveResourcesWhenKilled>true</leaveResourcesWhenKilled>
    <altitudeLayer>Building</altitudeLayer>
    <passability>PassThroughOnly</passability>
	<pathCost>75</pathCost>	
    <useHitPoints>true</useHitPoints>	
    <blockWind>true</blockWind>
    <castEdgeShadows>false</castEdgeShadows>
    <fillPercent>0.65</fillPercent>
    <coversFloor>true</coversFloor>
    <placingDraggableDimensions>1</placingDraggableDimensions>
    <tickerType>Never</tickerType>
    <rotatable>false</rotatable>
    <selectable>true</selectable>
    <neverMultiSelect>true</neverMultiSelect>
    <terrainAffordanceNeeded>Heavy</terrainAffordanceNeeded>
    <holdsRoof>false</holdsRoof>
    <designationCategory>Security</designationCategory>
    <staticSunShadowHeight>0</staticSunShadowHeight>
    <blockLight>true</blockLight>
    <canOverlapZones>true</canOverlapZones>
    <building>
      <isInert>true</isInert>
      <ai_chillDestination>false</ai_chillDestination>
      <blueprintGraphicData>
        <texPath>Things/Building/Fences/Barrier_Blueprint</texPath>
      </blueprintGraphicData>
    </building>
    <damageMultipliers>
      <li>
        <damageDef>Bomb</damageDef>
        <multiplier>3</multiplier>
      </li>
    </damageMultipliers>
	<researchPrerequisites><li>Machining</li></researchPrerequisites>	
    <designationHotKey>Misc3</designationHotKey>
  </ThingDef>	
	
</Defs>