﻿<?xml version="1.0" encoding="utf-8" ?>
<Defs>

   <TerrainDef Name="FAFloorBase" Abstract="True">
    <layerable>true</layerable>
    <affordances>
      <li>Light</li>
      <li>Medium</li>
      <li>Heavy</li>
    </affordances>
    <designationCategory>Floors</designationCategory>
    <fertility>0</fertility>
    <constructEffect>ConstructDirt</constructEffect>
    <acceptTerrainSourceFilth>True</acceptTerrainSourceFilth>
    <terrainAffordanceNeeded>Light</terrainAffordanceNeeded>
  </TerrainDef>

  <TerrainDef Name="FAFBurnedFloorBase" Abstract="True">
    <layerable>true</layerable>
    <affordances>
      <li>Light</li>
      <li>Medium</li>
      <li>Heavy</li>
    </affordances>
    <pathCost>1</pathCost>
    <fertility>0</fertility>
    <acceptTerrainSourceFilth>True</acceptTerrainSourceFilth>
    <statBases>
      <Beauty>-6</Beauty>
    </statBases>
  </TerrainDef> 

<!-- ================= Plywood ================= -->

	<TerrainDef  ParentName="FAFloorBase">
		<defName>FAFWoodTile</defName>
		<label>plywood panels</label>
		<renderPrecedence>245</renderPrecedence>
		<description>Sheets of compressed plywood.  A great option for cheap, temporary flooring during construction.</description>
		<texturePath>Terrain/Surfaces/FloorPlywood</texturePath>
		<burnedDef>FAFBurnedWoodTile</burnedDef>
		<statBases>
			<Beauty>-3</Beauty>
			<WorkToBuild>40</WorkToBuild>
			<Flammability>0.30</Flammability>
    </statBases>
		<costList>
			<WoodLog>2</WoodLog>
		</costList>
		<constructEffect>ConstructWood</constructEffect>
		<designationHotKey>Misc7</designationHotKey>
	</TerrainDef>
	
	<TerrainDef ParentName="FAFBurnedFloorBase">
		<defName>FAFBurnedWoodTile</defName>
		<label>burned plywood floor</label>
		<renderPrecedence>251</renderPrecedence>
		<description>Burned-out plywood panel flooring.</description>
		<texturePath>Terrain/Surfaces/BurnedFloorPlywood</texturePath>
		<edgeType>FadeRough</edgeType>
	</TerrainDef>	

<!-- ================= Metal Grate ================= -->
	
	<TerrainDef ParentName="FAFloorBase">
		<defName>FAFMetalTileA</defName>
		<label>Steel grating</label>
		<renderPrecedence>243</renderPrecedence>
		<description>This steel paneling is not only durable but easy to clean.  Most refuse slips right through its perforated surface!</description>
		<texturePath>Terrain/Surfaces/FloorGrate</texturePath>
		<uiIconPath>Terrain/Surfaces/FloorGrateIco</uiIconPath>
		<statBases>
			<Beauty>-1</Beauty>
			<Cleanliness>0.4</Cleanliness>
			<WorkToBuild>400</WorkToBuild>
		</statBases>
		<costList>
			<Steel>2</Steel>
		</costList>
		<researchPrerequisites>
			<li>Machining</li>
		</researchPrerequisites>
	</TerrainDef>
	
<!-- ================= Ship Paneling ================= -->
	
	<TerrainDef ParentName="FAFloorBase">
		<defName>FAFMetalTileB</defName>
		<label>Metal panels</label>
		<renderPrecedence>242</renderPrecedence>
		<description>The design of these steel panels was based off of a popular style of starship interior passageway floor plating.</description>
		<texturePath>Terrain/Surfaces/FloorPlate</texturePath>
		<uiIconPath>Terrain/Surfaces/FloorPlateIco</uiIconPath>
		<statBases>
		    <Beauty>-2</Beauty>
			<WorkToBuild>500</WorkToBuild>
		</statBases>
		<costList>
				<Steel>4</Steel>
		</costList>
		<researchPrerequisites>
			<li>Machining</li>
		</researchPrerequisites>
	</TerrainDef>

<!-- ================= Advanced Tech Paneling ================= -->
	
	<TerrainDef ParentName="FAFloorBase">
		<defName>FAFTechTile</defName>
		<label>Sensor panels</label>
		<renderPrecedence>242</renderPrecedence>
		<description>These incredibly advanced floor panels are actually in active communication with one another.  Utilizing built in sensors and an integrated high speed network these "smart" tiles can detect and subtly react to being walked upon to always provide an optimal surface for rapid locomotion.</description>
		<texturePath>Terrain/Surfaces/FloorTech</texturePath>
		<uiIconPath>Terrain/Surfaces/FloorTechIco</uiIconPath>
		<pathCost>0</pathCost>
		<statBases>
			<Beauty>1</Beauty>
			<WorkToBuild>800</WorkToBuild>
		</statBases>
		<costList>
				<Steel>5</Steel>
				<ComponentIndustrial>1</ComponentIndustrial>
		</costList>
		<researchPrerequisites>
			<li>FutureFlooring</li>
		</researchPrerequisites>
	</TerrainDef>
  
</Defs>